{"accuracy": [0.7578333616256714, 0.8392037153244019, 0.8613888621330261, 0.8707036972045898, 0.8796666860580444, 0.8830184936523438, 0.8898333311080933, 0.8941110968589783, 0.897185206413269, 0.9001296162605286, 0.9024629592895508, 0.9038518667221069, 0.9061111211776733, 0.9082777500152588, 0.9112963080406189, 0.9098333120346069, 0.9138888716697693, 0.9135740995407104, 0.9140926003456116, 0.917555570602417, 0.9187777638435364, 0.9184814691543579, 0.9178703427314758, 0.9206481575965881, 0.9222592711448669, 0.9224444627761841, 0.9236481189727783, 0.9235555529594421, 0.9232222437858582, 0.9251852035522461, 0.9307222366333008, 0.932962954044342, 0.9332963228225708, 0.9349629878997803, 0.9342036843299866, 0.9343147873878479, 0.9367222189903259, 0.935703694820404, 0.9375555515289307, 0.9380185008049011, 0.9383888840675354, 0.9415370225906372, 0.9417963027954102, 0.9419999718666077, 0.9427037239074707, 0.9442407488822937, 0.9423148036003113, 0.9444444179534912, 0.945981502532959, 0.9448518753051758], "loss": [0.669520914554596, 0.4355594217777252, 0.37602904438972473, 0.3453231453895569, 0.32442134618759155, 0.31224337220191956, 0.2981478273868561, 0.28685274720191956, 0.27822527289390564, 0.2685631513595581, 0.26494747400283813, 0.25782132148742676, 0.2475106120109558, 0.24578052759170532, 0.24220672249794006, 0.2383602261543274, 0.23140931129455566, 0.23025426268577576, 0.22755096852779388, 0.2235432267189026, 0.21791376173496246, 0.21968579292297363, 0.2192077338695526, 0.21075280010700226, 0.20959651470184326, 0.2071133852005005, 0.20447130501270294, 0.204850971698761, 0.2033957988023758, 0.20360802114009857, 0.18401116132736206, 0.18059954047203064, 0.17721369862556458, 0.175528421998024, 0.1737605631351471, 0.17423488199710846, 0.16731813549995422, 0.16988427937030792, 0.1665429174900055, 0.16369986534118652, 0.16427896916866302, 0.15701840817928314, 0.15455979108810425, 0.15297357738018036, 0.1509973406791687, 0.1489219069480896, 0.15130889415740967, 0.14650310575962067, 0.14445839822292328, 0.14548441767692566], "val_accuracy": [0.8586666584014893, 0.8669999837875366, 0.8911666870117188, 0.8880000114440918, 0.8985000252723694, 0.9058333039283752, 0.9014999866485596, 0.909333348274231, 0.9049999713897705, 0.8921666741371155, 0.9075000286102295, 0.9164999723434448, 0.9208333492279053, 0.9201666712760925, 0.9070000052452087, 0.9191666841506958, 0.8993333578109741, 0.9153333306312561, 0.9226666688919067, 0.9228333234786987, 0.9133333563804626, 0.921999990940094, 0.9039999842643738, 0.9258333444595337, 0.9316666722297668, 0.9284999966621399, 0.9208333492279053, 0.9259999990463257, 0.9256666898727417, 0.9269999861717224, 0.9318333268165588, 0.9319999814033508, 0.9326666593551636, 0.9306666851043701, 0.9281666874885559, 0.9346666932106018, 0.9303333163261414, 0.9300000071525574, 0.9288333058357239, 0.9353333115577698, 0.934166669845581, 0.9348333477973938, 0.9338333606719971, 0.9348333477973938, 0.9323333501815796, 0.937333345413208, 0.9331666827201843, 0.9365000128746033, 0.9361666440963745, 0.9358333349227905], "val_loss": [0.3838655948638916, 0.36082789301872253, 0.2949783205986023, 0.286556214094162, 0.2715132236480713, 0.26255378127098083, 0.2588902711868286, 0.24360617995262146, 0.24882502853870392, 0.27558469772338867, 0.2550045847892761, 0.22707641124725342, 0.2197706699371338, 0.21990016102790833, 0.24924975633621216, 0.21282745897769928, 0.2618660032749176, 0.2241988331079483, 0.20749787986278534, 0.20345686376094818, 0.22638529539108276, 0.20642007887363434, 0.24751773476600647, 0.2028609961271286, 0.19518181681632996, 0.19601558148860931, 0.21013429760932922, 0.19956500828266144, 0.1995221972465515, 0.19702008366584778, 0.1820896565914154, 0.18804830312728882, 0.1805281639099121, 0.18420138955116272, 0.19574175775051117, 0.17821504175662994, 0.18460407853126526, 0.18804724514484406, 0.18753069639205933, 0.17962127923965454, 0.1804909110069275, 0.1749601513147354, 0.1795971542596817, 0.17822901904582977, 0.180803120136261, 0.17663639783859253, 0.18137411773204803, 0.1732242852449417, 0.17156627774238586, 0.17626790702342987], "learning_rate": [0.0010000000474974513, 0.0010000000474974513, 0.0010000000474974513, 0.0010000000474974513, 0.0010000000474974513, 0.0010000000474974513, 0.0010000000474974513, 0.0010000000474974513, 0.0010000000474974513, 0.0010000000474974513, 0.0010000000474974513, 0.0010000000474974513, 0.0010000000474974513, 0.0010000000474974513, 0.0010000000474974513, 0.0010000000474974513, 0.0010000000474974513, 0.0010000000474974513, 0.0010000000474974513, 0.0010000000474974513, 0.0010000000474974513, 0.0010000000474974513, 0.0010000000474974513, 0.0010000000474974513, 0.0010000000474974513, 0.0010000000474974513, 0.0010000000474974513, 0.0010000000474974513, 0.0010000000474974513, 0.0010000000474974513, 0.0005000000237487257, 0.0005000000237487257, 0.0005000000237487257, 0.0005000000237487257, 0.0005000000237487257, 0.0005000000237487257, 0.0005000000237487257, 0.0005000000237487257, 0.0005000000237487257, 0.0005000000237487257, 0.0005000000237487257, 0.0002500000118743628, 0.0002500000118743628, 0.0002500000118743628, 0.0002500000118743628, 0.0002500000118743628, 0.0002500000118743628, 0.0001250000059371814, 0.0001250000059371814, 0.0001250000059371814]}